{
    "alpine_skiing":{
        "Sport":"Alpine Skiing",
        "Age":0.0647151221,
        "Height":0.0049337688,
        "Weight":0.0153841262
    },
    "archery":{
        "Sport":"Archery",
        "Age":0.1368544684,
        "Height":0.0024243879,
        "Weight":0.0222656625
    },
    "art_competitions":{
        "Sport":"Art Competitions",
        "Age":-0.0641066661,
        "Height":-0.0131033976,
        "Weight":0.0122258664
    },
    "athletics":{
        "Sport":"Athletics",
        "Age":-0.0109670674,
        "Height":0.0520245653,
        "Weight":0.0520929973
    },
    "badminton":{
        "Sport":"Badminton",
        "Age":-0.0268302543,
        "Height":0.0147575118,
        "Weight":-0.0126967403
    },
    "basketball":{
        "Sport":"Basketball",
        "Age":0.0026183321,
        "Height":0.0584376793,
        "Weight":0.0377374239
    },
    "biathlon":{
        "Sport":"Biathlon",
        "Age":0.0259554882,
        "Height":0.0168047215,
        "Weight":0.0094519214
    },
    "bobsleigh":{
        "Sport":"Bobsleigh",
        "Age":0.0530999398,
        "Height":0.0323874774,
        "Weight":0.0426307968
    },
    "boxing":{
        "Sport":"Boxing",
        "Age":0.0004086526,
        "Height":0.0724969966,
        "Weight":0.0668163446
    },
    "canoeing":{
        "Sport":"Canoeing",
        "Age":0.0489726518,
        "Height":0.0567568082,
        "Weight":0.0748967689
    },
    "cross_country_skiing":{
        "Sport":"Cross Country Skiing",
        "Age":0.1144557687,
        "Height":-0.0028988368,
        "Weight":-0.0018954823
    },
    "cycling":{
        "Sport":"Cycling",
        "Age":-0.0150087167,
        "Height":0.0719648316,
        "Weight":0.1180544885
    },
    "diving":{
        "Sport":"Diving",
        "Age":-0.0211410042,
        "Height":-0.0557827351,
        "Weight":-0.0870855628
    },
    "equestrianism":{
        "Sport":"Equestrianism",
        "Age":0.0499019903,
        "Height":0.0553603931,
        "Weight":0.0231169221
    },
    "fencing":{
        "Sport":"Fencing",
        "Age":0.0248688369,
        "Height":0.0318222171,
        "Weight":0.0340856167
    },
    "figure_skating":{
        "Sport":"Figure Skating",
        "Age":0.1618820608,
        "Height":0.014109169,
        "Weight":0.0262580821
    },
    "football":{
        "Sport":"Football",
        "Age":0.0737742655,
        "Height":0.0044845084,
        "Weight":0.0186303262
    },
    "freestyle_skiing":{
        "Sport":"Freestyle Skiing",
        "Age":0.0380639975,
        "Height":-0.0119254965,
        "Weight":0.0107313132
    },
    "gymnastics":{
        "Sport":"Gymnastics",
        "Age":0.0420284738,
        "Height":-0.0431729977,
        "Weight":-0.048607222
    },
    "handball":{
        "Sport":"Handball",
        "Age":0.0063534118,
        "Height":-0.0164307171,
        "Weight":-0.0159896671
    },
    "hockey":{
        "Sport":"Hockey",
        "Age":0.0098545433,
        "Height":0.0236370082,
        "Weight":0.0022159956
    },
    "ice_hockey":{
        "Sport":"Ice Hockey",
        "Age":-0.0048589048,
        "Height":-0.0109279948,
        "Weight":-0.0004932352
    },
    "judo":{
        "Sport":"Judo",
        "Age":-0.0137099274,
        "Height":-0.0143964853,
        "Weight":0.0279350302
    },
    "luge":{
        "Sport":"Luge",
        "Age":0.091235819,
        "Height":0.0814207786,
        "Weight":0.0721241435
    },
    "modern_pentathlon":{
        "Sport":"Modern Pentathlon",
        "Age":0.0717873029,
        "Height":0.0863648698,
        "Weight":0.0673789346
    },
    "nordic_combined":{
        "Sport":"Nordic Combined",
        "Age":0.0730851805,
        "Height":0.1291778347,
        "Weight":0.0186625425
    },
    "rowing":{
        "Sport":"Rowing",
        "Age":0.040871382,
        "Height":0.0172366702,
        "Weight":0.0250158101
    },
    "sailing":{
        "Sport":"Sailing",
        "Age":0.0907794321,
        "Height":0.0543080714,
        "Weight":0.0486589013
    },
    "shooting":{
        "Sport":"Shooting",
        "Age":0.0011325811,
        "Height":0.0168337392,
        "Weight":0.018223424
    },
    "short_track_speed_skating":{
        "Sport":"Short Track Speed Skating",
        "Age":-0.0469922214,
        "Height":-0.0252871905,
        "Weight":-0.0110797507
    },
    "ski_jumping":{
        "Sport":"Ski Jumping",
        "Age":0.0307656192,
        "Height":0.0370550292,
        "Weight":-0.1036151152
    },
    "snowboarding":{
        "Sport":"Snowboarding",
        "Age":-0.0112214912,
        "Height":0.0164951052,
        "Weight":0.0006750464
    },
    "speed_skating":{
        "Sport":"Speed Skating",
        "Age":0.085461092,
        "Height":0.0443434156,
        "Weight":0.0441881983
    },
    "swimming":{
        "Sport":"Swimming",
        "Age":0.0374425993,
        "Height":0.09381172,
        "Weight":0.0917541106
    },
    "table_tennis":{
        "Sport":"Table Tennis",
        "Age":-0.0941362113,
        "Height":-0.0331121904,
        "Weight":-0.0494898798
    },
    "tennis":{
        "Sport":"Tennis",
        "Age":0.0749088677,
        "Height":0.0530672801,
        "Weight":0.0363068392
    },
    "volleyball":{
        "Sport":"Volleyball",
        "Age":0.0925375889,
        "Height":-0.0057041926,
        "Weight":0.038448439
    },
    "water_polo":{
        "Sport":"Water Polo",
        "Age":0.0305938196,
        "Height":0.0297319698,
        "Weight":0.0509643075
    },
    "weightlifting":{
        "Sport":"Weightlifting",
        "Age":-0.0232949916,
        "Height":-0.0161970963,
        "Weight":0.035031055
    },
    "wrestling":{
        "Sport":"Wrestling",
        "Age":0.0326202271,
        "Height":0.0110409169,
        "Weight":0.0261507419
    }
}